<BackupInst xmlns="http://www.microsoft.com/GroupPolicy/GPOOperations/Manifest" xmlns:mfst="http://www.microsoft.com/GroupPolicy/GPOOperations/Manifest" mfst:SIPresent="true"><GPOGuid><![CDATA[{45AF785B-6D74-415B-A507-DCD5E71D28EF}]]></GPOGuid><GPODomain><![CDATA[notpacket.com]]></GPODomain><GPODomainGuid><![CDATA[{e4506ca8-51f6-405f-a949-f5a02af83071}]]></GPODomainGuid><GPODomainController><![CDATA[TDKDC01.notpacket.com]]></GPODomainController><BackupTime><![CDATA[2020-12-05T15:39:27]]></BackupTime><ID><![CDATA[{6A1B280F-82A9-484D-AE16-3D278EDD65E7}]]></ID><Comment><![CDATA[]]></Comment><GPODisplayName><![CDATA[DeployLAPS]]></GPODisplayName></BackupInst>
