<BackupInst xmlns="http://www.microsoft.com/GroupPolicy/GPOOperations/Manifest"><GPOGuid><![CDATA[{026064AD-84C6-428C-AB5D-77BDC3E2B968}]]></GPOGuid><GPODomain><![CDATA[notpacket.com]]></GPODomain><GPODomainGuid><![CDATA[{e4506ca8-51f6-405f-a949-f5a02af83071}]]></GPODomainGuid><GPODomainController><![CDATA[TDKDC01.notpacket.com]]></GPODomainController><BackupTime><![CDATA[2020-12-05T15:22:53]]></BackupTime><ID><![CDATA[{FA0E159B-5892-4D0B-B6A1-90FABC0ED38B}]]></ID><Comment><![CDATA[]]></Comment><GPODisplayName><![CDATA[ConfigLAPS]]></GPODisplayName></BackupInst>
